signal_time,direction,is_win,total_r,target1_R,target2_R,zone_start_time,ob_direction,ob_body_over_atr,fvg_size_over_atr,confirmation_bars_5m,confirmation_calendar_minutes
2025-07-29 06:30:00+00:00,bearish,True,0.30394002611983706,0.052239691989278615,0.5556403602503955,2025-07-29 06:30:00+00:00,bearish,0.19756254009028668,2.155227710070598,0.0,0.0
2025-07-29 10:55:00+00:00,bearish,True,2.1122086741780604,3.356485054277784,0.8679322940783364,,,,,,
2025-07-31 23:20:00+00:00,bearish,False,-0.29936577631418987,0.40126844737162026,0.7826157661503178,2025-07-31 19:45:00+00:00,bearish,0.09422321929324097,1.1306786315195891,43.0,215.0
2025-08-06 12:00:00+00:00,bullish,True,0.6628573111644459,0.6515176059967518,0.67419701633214,2025-08-06 09:45:00+00:00,bullish,0.4873156342181798,0.4542772861357343,27.0,135.0
2025-08-11 16:00:00+00:00,bearish,True,1.647138898342242,1.6063007438379238,1.6879770528465599,2025-08-11 14:00:00+00:00,bearish,0.1273336524655329,1.1594064145522707,24.0,120.0
2025-08-21 16:00:00+00:00,bearish,True,0.4373791377545332,0.4697986577181679,0.40495961779089845,2025-08-21 13:45:00+00:00,bearish,0.3517241379311604,1.9379310344824017,27.0,135.0
2025-08-27 12:00:00+00:00,bearish,False,-1.0,0.24311246390386404,0.4452509170373907,,,,,,
2025-09-02 03:00:00+00:00,bearish,True,0.40247515206759865,0.2969481304889073,0.50800217364629,2025-09-02 00:00:00+00:00,bearish,0.406727828746032,2.0550458715599995,36.0,180.0
2025-09-03 10:25:00+00:00,bearish,False,-1.0,2.9480934809348303,2.624354243542479,2025-09-03 06:30:00+00:00,bearish,0.4022242817426317,0.7784986098237235,47.0,235.0
2025-09-05 12:10:00+00:00,bullish,True,0.7527481280866632,0.47395252509161506,1.0315437310817115,,,,,,
2025-09-22 17:00:00+00:00,bullish,True,1.1762834417932593,0.7713665943600693,1.5812002892264494,2025-09-22 15:30:00+00:00,bullish,0.023850085179032168,0.34582623509384813,18.0,90.0
2025-09-25 16:00:00+00:00,bearish,True,0.8366139671238542,0.8545702020730778,0.8186577321746306,2025-09-25 12:30:00+00:00,bearish,0.2806236080179114,4.14699331848549,42.0,210.0
2025-09-30 04:25:00+00:00,bearish,False,-1.0,0.5003885003885777,1.0660450660450067,,,,,,
2025-10-05 23:00:00+00:00,bearish,True,0.05036188612455033,0.05036188612455033,0.05036188612455033,2025-10-03 21:00:00+00:00,bearish,0.06936416184964019,2.5780346820804327,24.0,3000.0
2025-10-07 14:40:00+00:00,bearish,False,-0.23303447468344318,0.5339310506331136,0.16392619975582612,2025-10-07 11:00:00+00:00,bearish,0.16630669546478413,0.5593952483801122,44.0,220.0
2025-10-07 23:20:00+00:00,bearish,True,0.6049533089727683,0.9906617945594376,0.21924482338609913,,,,,,
2025-10-09 18:50:00+00:00,bearish,True,0.8844437301420199,0.9242523520466431,0.8446351082373967,,,,,,
2025-10-14 11:05:00+00:00,bearish,False,-1.0,0.1952847218422643,0.38291121929867417,2025-10-14 07:30:00+00:00,bearish,0.40222428174240155,0.8174235403152867,43.0,215.0
2025-10-21 05:30:00+00:00,bearish,True,0.23368697005690994,0.0028673247858665503,0.46450661532795334,2025-10-21 02:00:00+00:00,bearish,0.2426095820594483,0.31396534148843686,42.0,210.0
2025-10-24 04:25:00+00:00,bearish,False,-0.47556150354938814,0.04887699290122372,1.3750727336201198,2025-10-24 00:45:00+00:00,bearish,0.13980028530670344,0.1597717546363592,44.0,220.0
2025-10-27 05:40:00+00:00,bullish,False,-1.0,6.145122335400186,2.8814449228199255,,,,,,
2025-10-30 16:00:00+00:00,bearish,True,0.4867836411416355,0.6855963282605299,0.2879709540227412,2025-10-30 11:30:00+00:00,bearish,0.29838709677363306,0.8951612903223317,42.0,270.0
2025-10-31 11:40:00+00:00,bearish,True,1.1365003006613597,0.7670207790472343,1.505979822275485,,,,,,
2025-10-31 17:20:00+00:00,bearish,True,0.7482840870369687,0.8559606678673954,0.6406075062065419,,,,,,
2025-11-05 09:45:00+00:00,bearish,True,0.7766218504819513,0.4500051843913909,1.1032385165725116,2025-11-05 06:30:00+00:00,bearish,0.18895705521517603,0.48098159509206573,39.0,195.0
2025-11-11 16:00:00+00:00,bullish,True,0.7876953813609393,1.0900223292985078,0.4853684334233707,2025-11-11 13:00:00+00:00,bullish,0.13602391629246546,2.5216741405083622,36.0,180.0
2025-11-19 16:00:00+00:00,bearish,True,0.5453824182799223,0.5420501428117951,0.5487146937480494,2025-11-19 13:30:00+00:00,bearish,0.4770146024878754,0.6057328285558402,30.0,150.0
2025-11-25 16:00:00+00:00,bullish,True,0.5245016266831352,0.7419149700929477,0.30708828327332266,2025-11-25 12:15:00+00:00,bullish,0.13461538461539693,1.2788461538462708,45.0,225.0
2025-12-12 17:40:00+00:00,bullish,True,0.5073917367630916,0.11563811675068879,0.8991453567754943,2025-12-12 17:15:00+00:00,bullish,0.019073569482130345,0.7629427792914254,5.0,25.0
2025-12-16 11:55:00+00:00,bullish,True,0.497645646754466,0.28867756132066563,0.7066137321882664,2025-12-16 11:30:00+00:00,bullish,0.3668122270742253,0.2241630276564375,5.0,25.0
2025-12-22 16:00:00+00:00,bullish,True,1.0233791424208754,0.7511039577401133,1.2956543271016376,,,,,,
2025-12-30 11:40:00+00:00,bearish,True,0.9838958746965744,0.2603132583277405,1.7074784910654082,,,,,,
2025-12-31 07:20:00+00:00,bearish,True,0.4881974248926384,0.035344609946820316,0.9410502398384565,2025-12-31 07:00:00+00:00,bearish,0.2764227642280088,0.7804878048781068,4.0,20.0
2026-01-02 07:00:00+00:00,bearish,True,0.15315763301845214,0.16011934361024213,0.14619592242666216,2026-01-02 05:45:00+00:00,bearish,0.08421052631444824,0.7789473684193978,15.0,75.0
2026-01-06 11:00:00+00:00,bearish,True,1.3482233853276193,0.0967335164360537,2.5997132542191848,2026-01-06 09:00:00+00:00,bearish,0.07572115384589764,0.7403846153845597,24.0,120.0
2026-01-06 12:45:00+00:00,bearish,True,0.8379791343774394,0.2704203196927937,1.4055379490620852,2026-01-06 09:00:00+00:00,bearish,0.07572115384589764,0.7403846153845597,45.0,225.0
2026-01-06 19:10:00+00:00,bearish,True,1.050319662505876,1.071630496237884,1.0290088287738681,,,,,,
2026-01-07 12:10:00+00:00,bearish,True,0.32940114742466203,0.5866047830850658,0.07219751176425825,,,,,,
2026-01-13 15:00:00+00:00,bearish,True,4.978243132991413,1.9132444927942738,8.043241773188553,2026-01-13 15:00:00+00:00,bearish,0.3918406072105638,0.571157495256111,0.0,0.0
2026-01-20 08:00:00+00:00,bullish,True,0.4968767745599102,0.11041706101330793,0.8833364881065124,2026-01-20 07:15:00+00:00,bullish,0.19631901840401209,1.1288343558279734,9.0,45.0
2026-01-27 06:45:00+00:00,bullish,False,-1.0,4.856637168140602,6.752212389378953,,,,,,
2026-01-30 16:00:00+00:00,bearish,True,0.24537358681235907,0.011052864270899949,0.4796943093538182,2026-01-30 15:00:00+00:00,bearish,0.29683415625902737,0.4513505663664168,12.0,60.0
2026-02-09 09:05:00+00:00,bullish,True,0.5980484191850812,0.10731110747469895,1.0887857308954636,2026-02-09 05:30:00+00:00,bullish,0.4588414634147884,0.586890243902482,43.0,215.0
2026-02-17 04:00:00+00:00,bearish,True,0.6795321637427036,0.5976608187133002,0.7614035087721072,2026-02-17 02:30:00+00:00,bearish,0.27679500520280187,0.23309053069743682,18.0,90.0
2026-02-17 07:25:00+00:00,bearish,True,0.4470877768663597,0.01230516817071146,0.8818703855620079,2026-02-17 07:00:00+00:00,bearish,0.06473988439204487,0.5664739884386583,5.0,25.0
2026-02-24 04:00:00+00:00,bearish,True,0.1099382738594571,0.1866393951568531,0.03323715256206111,2026-02-24 00:30:00+00:00,bearish,0.09041980624318229,0.9494079655537486,42.0,210.0
2026-03-02 15:40:00+00:00,bearish,True,1.0853946889778856,0.14800836667884754,2.0227810112769236,2026-03-02 15:30:00+00:00,bearish,0.43799323562561476,0.18151071025927168,2.0,10.0
2026-03-02 20:15:00+00:00,bearish,True,1.4451238786610179,0.5463087102013511,2.3439390471206845,2026-03-02 20:00:00+00:00,bearish,0.27047459050786654,1.9815203695924877,3.0,15.0
2026-03-13 08:00:00+00:00,bearish,True,0.5969677826910987,0.0679475525014391,1.1259880128807584,2026-03-13 06:15:00+00:00,bearish,0.1904761904763631,0.14285714285753667,21.0,105.0
2026-03-18 20:00:00+00:00,bearish,True,0.4541750250752028,0.8495486459378133,0.058801404212592244,2026-03-18 18:15:00+00:00,bearish,0.00514895182032723,0.298639205589955,21.0,105.0
2026-03-19 20:00:00+00:00,bullish,True,0.9823873412945536,1.4941891374312923,0.47058554515781487,2026-03-19 17:00:00+00:00,bullish,0.04854170915759516,0.11707118090952405,36.0,180.0
2026-03-23 14:00:00+00:00,bullish,True,0.29985162797925846,0.3019842853617517,0.2977189705967653,2026-03-23 11:00:00+00:00,bullish,0.030265596046948957,2.157504632489318,36.0,180.0
2026-03-26 15:40:00+00:00,bearish,True,0.6171183696167698,0.4396539034003934,0.7945828358331462,,,,,,
2026-03-27 10:40:00+00:00,bearish,True,0.08121413564959559,0.019754789752625408,0.14267348154656578,2026-03-27 07:00:00+00:00,bearish,0.47005444646122785,0.7876588021773587,44.0,220.0
2026-03-30 01:25:00+00:00,bearish,False,-1.0,1.2666159161446275,1.307606722492251,,,,,,
2026-04-08 00:00:00+00:00,bullish,True,0.6637484825838346,1.2837637457146729,0.0437332194529962,2026-04-07 22:00:00+00:00,bullish,0.21308980213100942,1.2288178589545624,24.0,120.0
2026-04-10 13:00:00+00:00,bullish,True,0.35948433915354155,0.6490876105090306,0.06988106779805243,2026-04-10 09:15:00+00:00,bullish,0.29005524861894405,1.3342541436464557,45.0,225.0
2026-05-01 14:05:00+00:00,bullish,True,0.9219619275484567,0.8162696430852565,1.027654212011657,2026-05-01 14:00:00+00:00,bullish,0.30681276798467405,2.3811338732727547,1.0,5.0
2026-05-04 06:05:00+00:00,bullish,False,-1.0,0.7536357716521992,2.084653787715031,2026-05-04 03:45:00+00:00,bullish,0.13253012048227902,1.6144578313253979,28.0,140.0
2026-05-06 08:00:00+00:00,bullish,True,0.39712599769171203,0.23668254303691424,0.5575694523465098,2026-05-06 08:00:00+00:00,bullish,0.13425679275461272,1.4619072988814998,0.0,0.0
2026-05-15 09:05:00+00:00,bearish,True,0.7204738196378533,0.05328948370099958,1.387658155574707,,,,,,
2026-05-20 05:30:00+00:00,bearish,True,0.18950119799614118,0.12197778261817913,0.2570246133741032,,,,,,
2026-05-22 14:05:00+00:00,bearish,False,-0.204334694070113,0.591330611859774,1.060430873781588,2026-05-22 14:00:00+00:00,bearish,0.21156852527333098,0.3647733194373026,1.0,5.0
2026-05-29 16:00:00+00:00,bullish,True,0.5022707813721674,0.5615530655548844,0.44298849718945044,2026-05-29 14:45:00+00:00,bullish,0.4123036649213379,3.3167539267018875,15.0,75.0
2026-05-29 19:10:00+00:00,bullish,True,0.35165941975586845,0.4299014911440983,0.2734173483676386,,,,,,
2026-06-11 20:00:00+00:00,bullish,True,0.1827642396859523,0.2935893637508286,0.07193911562107597,2026-06-11 17:30:00+00:00,bullish,0.4878048780483276,6.260162601626102,30.0,150.0
2026-06-17 20:00:00+00:00,bearish,True,0.9243237636758372,1.0404901305083312,0.8081573968433432,2026-06-17 17:45:00+00:00,bearish,0.219435736677562,7.735109717868225,27.0,135.0
2026-06-22 07:30:00+00:00,bearish,True,0.19399538106234165,0.03233256351044345,0.35565819861423986,2026-06-22 07:15:00+00:00,bearish,0.23844282238449568,0.5563665855638232,3.0,15.0
2026-06-22 10:40:00+00:00,bearish,True,0.8335595981537911,1.44447461308759,0.22264458321999206,2026-06-22 07:15:00+00:00,bearish,0.23844282238449568,0.5563665855638232,41.0,205.0
2026-06-23 14:15:00+00:00,bearish,True,1.1173029915026824,0.8249912699335951,1.4096147130717698,2026-06-23 14:00:00+00:00,bearish,0.4904250350304002,0.6669780476413326,3.0,15.0
2026-07-08 00:00:00+00:00,bearish,True,1.09474781702057,2.139319692427773,0.05017594161336726,2026-07-07 21:00:00+00:00,bearish,0.15960912052122211,0.47882736156366634,36.0,180.0
2026-07-08 01:45:00+00:00,bearish,False,-0.48808645827424824,0.023827083451503493,0.17473194531108438,,,,,,
2026-07-10 04:00:00+00:00,bullish,False,-1.0,0.6390646272122256,0.00560583006330226,2026-07-10 00:15:00+00:00,bullish,0.27667984189784994,2.9051383399218955,45.0,225.0
2026-07-14 10:45:00+00:00,bearish,False,-1.0,54.17249417175614,55.96736596660824,,,,,,
2026-07-21 20:00:00+00:00,bearish,True,0.5809572301423661,1.047861507127805,0.11405295315692726,2026-07-21 18:00:00+00:00,bearish,0.03690685413029469,0.5659050966612406,24.0,120.0
