signal_time,direction,leg1_r,leg2_r,total_r,exit_reason,t1_hit_time,t1_hit_bars,exit_time,exit_bars
2025-08-01 01:45:00+00:00,bearish,0.24952858212995063,0.45566088910720154,0.35259473561857607,both_targets,2025-08-01 01:50:00+00:00,1.0,2025-08-01 01:55:00+00:00,2
2025-08-06 12:00:00+00:00,bullish,0.5063928665453228,0.5240204663301736,0.5152066664377482,both_targets,2025-08-06 12:05:00+00:00,1.0,2025-08-06 12:10:00+00:00,2
2025-08-11 16:00:00+00:00,bearish,0.7330981384100124,0.7703743149393023,0.7517362266746573,both_targets,2025-08-11 16:05:00+00:00,1.0,2025-08-11 16:10:00+00:00,2
2025-08-13 06:40:00+00:00,bullish,0.017135023989023966,0.0856751199451807,0.05140507196710234,both_targets,2025-08-13 06:45:00+00:00,1.0,2025-08-13 07:10:00+00:00,6
2025-08-21 16:00:00+00:00,bearish,0.4056575974855439,0.3496709557017689,0.3776642765936564,both_targets,2025-08-21 16:05:00+00:00,1.0,2025-08-21 16:10:00+00:00,2
2025-09-02 03:00:00+00:00,bearish,0.40812393090321436,0.6981954850988564,0.5531597080010354,both_targets,2025-09-02 04:10:00+00:00,14.0,2025-09-02 05:30:00+00:00,30
2025-09-02 07:15:00+00:00,bearish,0.07832964573633705,0.1050329340555734,0.09168128989595523,both_targets,2025-09-02 07:20:00+00:00,1.0,2025-09-02 07:25:00+00:00,2
2025-09-02 12:30:00+00:00,bearish,0.09004131642682367,0.707223251175381,0.3986322838011023,both_targets,2025-09-02 12:35:00+00:00,1.0,2025-09-02 12:40:00+00:00,2
2025-09-03 07:20:00+00:00,bearish,0.14755636126011276,0.11952065262070116,0.13353850694040698,both_targets,2025-09-03 07:25:00+00:00,1.0,2025-09-03 07:30:00+00:00,2
2025-09-08 12:45:00+00:00,bullish,0.4480627287819905,0.7981117356430139,0.6230872322125022,both_targets,2025-09-08 13:10:00+00:00,5.0,2025-09-08 13:15:00+00:00,6
2025-09-08 18:15:00+00:00,bullish,15.68129330252193,87.62124711304794,51.65127020778493,both_targets,2025-09-08 18:20:00+00:00,1.0,2025-09-08 18:25:00+00:00,2
2025-09-15 07:10:00+00:00,bullish,0.2389781623402609,0.27194066749086887,0.2554594149155649,both_targets,2025-09-15 07:15:00+00:00,1.0,2025-09-15 07:20:00+00:00,2
2025-09-16 13:30:00+00:00,bullish,0.2963430749979571,0.7744214059338698,0.5353822404659134,both_targets,2025-09-16 13:35:00+00:00,1.0,2025-09-16 13:40:00+00:00,2
2025-09-22 17:00:00+00:00,bullish,2.4278561675012513,4.9767865270831395,3.7023213472921954,both_targets,2025-09-22 17:05:00+00:00,1.0,2025-09-22 17:10:00+00:00,2
2025-09-23 00:35:00+00:00,bullish,0.16343684333408798,0.05311697408356952,0.10827690870882875,both_targets,2025-09-23 00:40:00+00:00,1.0,2025-09-23 00:45:00+00:00,2
2025-09-25 16:00:00+00:00,bearish,0.7881421398223231,0.7550212437234364,0.7715816917728797,both_targets,2025-09-25 16:05:00+00:00,1.0,2025-09-25 16:10:00+00:00,2
2025-10-05 23:00:00+00:00,bearish,0.1306116356307636,0.1306116356307636,0.1306116356307636,both_targets,2025-10-05 23:05:00+00:00,1.0,2025-10-05 23:10:00+00:00,2
2025-10-07 04:45:00+00:00,bearish,0.09193615395957148,1.7730543977914024,0.932495275875487,both_targets,2025-10-07 04:50:00+00:00,1.0,2025-10-07 19:20:00+00:00,175
2025-10-07 14:40:00+00:00,bearish,0.16101451249223098,0.049434280151137294,0.10522439632168414,both_targets,2025-10-07 14:45:00+00:00,1.0,2025-10-07 19:20:00+00:00,56
2025-10-09 14:00:00+00:00,bearish,0.022560177258434976,0.23688186121469437,0.12972101923656468,both_targets,2025-10-09 14:05:00+00:00,1.0,2025-10-09 14:10:00+00:00,2
2025-10-14 07:00:00+00:00,bearish,0.31437991453306613,0.2660137738357216,0.29019684418439384,both_targets,2025-10-14 07:40:00+00:00,8.0,2025-10-14 07:45:00+00:00,9
2025-10-21 05:30:00+00:00,bearish,0.0035117644106434694,0.5689058345457636,0.28620879947820355,both_targets,2025-10-21 05:35:00+00:00,1.0,2025-10-21 05:40:00+00:00,2
2025-10-24 20:05:00+00:00,bullish,0.37026575940421014,0.8304018487610394,0.6003338040826247,both_targets,2025-10-24 20:10:00+00:00,1.0,2025-10-24 20:15:00+00:00,2
2025-10-27 18:45:00+00:00,bullish,0.17629401859577143,0.2787905410351332,0.2275422798154523,both_targets,2025-10-27 18:55:00+00:00,2.0,2025-10-27 19:00:00+00:00,3
2025-10-28 04:15:00+00:00,bullish,0.005591500918640397,0.2012940330697134,0.1034427669941769,both_targets,2025-10-28 04:20:00+00:00,1.0,2025-10-28 04:25:00+00:00,2
2025-10-30 16:00:00+00:00,bearish,0.8130843555486209,0.341519736785005,0.577302046166813,both_targets,2025-10-30 16:05:00+00:00,1.0,2025-10-30 16:10:00+00:00,2
2025-11-04 00:00:00+00:00,bearish,0.4826842328285571,0.7172849493430102,0.5999845910857837,both_targets,2025-11-04 00:10:00+00:00,2.0,2025-11-04 01:10:00+00:00,14
2025-11-05 09:45:00+00:00,bearish,4.500518492919837,-1.0,1.7502592464599185,stop_after_partial,2025-11-05 10:05:00+00:00,4.0,2025-11-05 11:25:00+00:00,20
2025-11-11 16:00:00+00:00,bullish,0.696242915587613,0.31002514731818387,0.5031340314528985,both_targets,2025-11-11 16:05:00+00:00,1.0,2025-11-11 16:10:00+00:00,2
2025-11-12 06:40:00+00:00,bullish,1.771282856019433,-1.0,0.38564142800971646,stop_after_partial,2025-11-12 07:10:00+00:00,6.0,2025-11-12 09:00:00+00:00,28
2025-11-12 15:10:00+00:00,bullish,3.26923076923222,8.894230769235156,6.081730769233688,both_targets,2025-11-12 15:55:00+00:00,9.0,2025-11-13 07:50:00+00:00,200
2025-11-19 16:00:00+00:00,bearish,0.6238130021913809,0.6314828341855875,0.6276479181884842,both_targets,2025-11-19 16:05:00+00:00,1.0,2025-11-19 16:10:00+00:00,2
2025-11-21 09:55:00+00:00,bearish,0.3142991635589938,2.970634029764925,1.6424665966619596,both_targets,2025-11-21 10:00:00+00:00,1.0,2025-11-21 12:25:00+00:00,30
2025-11-25 16:00:00+00:00,bullish,0.7728272035174956,0.31988325989079053,0.546355231704143,both_targets,2025-11-25 16:05:00+00:00,1.0,2025-11-25 16:10:00+00:00,2
2025-11-26 15:05:00+00:00,bullish,0.49763033175365406,0.03807008002487763,0.26785020588926584,both_targets,2025-11-26 16:05:00+00:00,12.0,2025-11-26 16:10:00+00:00,13
2025-11-30 23:10:00+00:00,bullish,0.11519845111321758,0.1377863827041016,0.1264924169086596,both_targets,2025-11-30 23:15:00+00:00,1.0,2025-12-01 01:10:00+00:00,24
2025-12-01 07:20:00+00:00,bullish,0.6060502769492864,0.23144439710262849,0.41874733702595746,both_targets,2025-12-01 08:15:00+00:00,11.0,2025-12-01 08:20:00+00:00,12
2025-12-03 10:00:00+00:00,bullish,0.21595315945547414,0.5018629761995524,0.3589080678275133,both_targets,2025-12-03 10:15:00+00:00,3.0,2025-12-03 10:20:00+00:00,4
2025-12-04 07:50:00+00:00,bullish,3.6842105263135716,9.433811802228679,6.559011164271125,both_targets,2025-12-04 08:10:00+00:00,4.0,2025-12-04 08:40:00+00:00,10
2025-12-16 08:05:00+00:00,bullish,0.14997462835226774,0.6604145915163171,0.4051946099342924,both_targets,2025-12-16 08:20:00+00:00,3.0,2025-12-16 12:30:00+00:00,53
2025-12-16 11:55:00+00:00,bullish,0.14162124620645666,0.3466549907144926,0.24413811846047462,both_targets,2025-12-16 12:15:00+00:00,4.0,2025-12-16 12:30:00+00:00,7
2025-12-23 19:00:00+00:00,bullish,0.014547761504210131,0.20673134769149662,0.11063955459785338,both_targets,2025-12-23 19:05:00+00:00,1.0,2025-12-23 19:10:00+00:00,2
2025-12-31 02:00:00+00:00,bearish,0.0509747622911687,0.02330274847598131,0.03713875538357501,both_targets,2025-12-31 02:05:00+00:00,1.0,2025-12-31 02:10:00+00:00,2
2025-12-31 07:20:00+00:00,bearish,0.009036047374664175,0.24058476135154974,0.12481040436310696,both_targets,2025-12-31 07:25:00+00:00,1.0,2025-12-31 07:30:00+00:00,2
2026-01-02 07:00:00+00:00,bearish,0.13678844519974262,0.12489379779100045,0.13084112149537153,both_targets,2026-01-02 07:35:00+00:00,7.0,2026-01-02 07:40:00+00:00,8
2026-01-06 11:00:00+00:00,bearish,0.08154825180934268,2.1916092673762884,1.1365787595928156,both_targets,2026-01-06 11:05:00+00:00,1.0,2026-01-08 13:55:00+00:00,611
2026-01-06 12:45:00+00:00,bearish,0.2404409798638271,1.2497171887534289,0.745079084308628,both_targets,2026-01-06 12:50:00+00:00,1.0,2026-01-08 13:55:00+00:00,590
2026-01-09 15:10:00+00:00,bearish,0.2833214290716106,0.3333193283195675,0.30832037869558904,both_targets,2026-01-09 15:15:00+00:00,1.0,2026-01-09 15:20:00+00:00,2
2026-01-20 08:00:00+00:00,bullish,0.11565277731882742,0.9252222185506707,0.520437497934749,both_targets,2026-01-20 08:10:00+00:00,2.0,2026-01-20 08:15:00+00:00,3
2026-01-21 01:25:00+00:00,bullish,0.011995750077140573,0.4762312780614526,0.2441135140692966,both_targets,2026-01-21 01:30:00+00:00,1.0,2026-01-23 16:45:00+00:00,760
2026-01-26 14:20:00+00:00,bullish,1.5184854021689265,3.837033005480283,2.6777592038246048,both_targets,2026-01-26 14:50:00+00:00,6.0,2026-01-26 16:05:00+00:00,21
2026-01-27 09:55:00+00:00,bullish,0.42661170578190805,0.6639629457260111,0.5452873257539596,both_targets,2026-01-27 12:15:00+00:00,28.0,2026-01-27 12:20:00+00:00,29
2026-01-30 16:00:00+00:00,bearish,0.007944434356326222,0.34478845106222955,0.1763664427092779,both_targets,2026-01-30 16:05:00+00:00,1.0,2026-01-30 16:10:00+00:00,2
2026-02-02 12:15:00+00:00,bearish,0.22750722245147917,0.24773008666939414,0.23761865456043665,both_targets,2026-02-02 13:05:00+00:00,10.0,2026-02-02 13:10:00+00:00,11
2026-02-09 09:05:00+00:00,bullish,0.05792896959888874,0.5877512308743797,0.32284010023663423,both_targets,2026-02-09 09:10:00+00:00,1.0,2026-02-09 09:15:00+00:00,2
2026-02-17 04:00:00+00:00,bearish,0.06459360384273898,0.08229048160791277,0.07344204272532587,both_targets,2026-02-17 05:20:00+00:00,16.0,2026-02-17 05:25:00+00:00,17
2026-02-17 07:25:00+00:00,bearish,0.0023965489694995528,0.1717526761463682,0.08707461255793388,both_targets,2026-02-17 07:30:00+00:00,1.0,2026-02-17 07:35:00+00:00,2
2026-02-24 04:00:00+00:00,bearish,0.18018971049752944,0.032088578581637696,0.10613914453958356,both_targets,2026-02-24 04:30:00+00:00,6.0,2026-02-24 04:35:00+00:00,7
2026-03-02 06:00:00+00:00,bearish,0.27246754740864443,0.24830786340193253,0.2603877054052885,both_targets,2026-03-02 06:15:00+00:00,3.0,2026-03-02 06:20:00+00:00,4
2026-03-02 15:40:00+00:00,bearish,0.04196101686176879,0.5734672304439864,0.3077141236528776,both_targets,2026-03-02 15:45:00+00:00,1.0,2026-03-02 15:50:00+00:00,2
2026-03-02 20:15:00+00:00,bearish,0.14462851651888756,0.6205290541145048,0.38257878531669615,both_targets,2026-03-02 20:20:00+00:00,1.0,2026-03-02 20:25:00+00:00,2
2026-03-03 04:50:00+00:00,bearish,0.03369147646732683,0.082996076175602,0.05834377632146441,both_targets,2026-03-03 04:55:00+00:00,1.0,2026-03-03 05:40:00+00:00,10
2026-03-03 14:15:00+00:00,bearish,0.15017565595884433,0.3964363440737446,0.27330600001629446,both_targets,2026-03-03 14:20:00+00:00,1.0,2026-03-03 14:25:00+00:00,2
2026-03-04 00:05:00+00:00,bearish,0.023544005772086693,0.3830331261629472,0.20328856596751696,both_targets,2026-03-04 00:10:00+00:00,1.0,2026-03-08 22:15:00+00:00,842
2026-03-08 21:05:00+00:00,bearish,1.7364695989347951,0.0915652519212562,0.9140174254280257,both_targets,2026-03-08 21:10:00+00:00,1.0,2026-03-08 22:05:00+00:00,12
2026-03-13 08:00:00+00:00,bearish,0.031231631056003278,0.5175527432136617,0.2743921871348325,both_targets,2026-03-13 08:05:00+00:00,1.0,2026-03-13 08:10:00+00:00,2
2026-03-18 20:00:00+00:00,bearish,0.6538647109910253,0.04525716491359987,0.3495609379523126,both_targets,2026-03-18 20:05:00+00:00,1.0,2026-03-18 20:15:00+00:00,3
2026-03-19 20:00:00+00:00,bullish,0.7490449948560006,0.23590704712123656,0.4924760209886186,both_targets,2026-03-19 20:05:00+00:00,1.0,2026-03-19 20:10:00+00:00,2
2026-03-23 14:00:00+00:00,bullish,0.4808172729433473,0.47402606852325957,0.47742167073330344,both_targets,2026-03-23 14:05:00+00:00,1.0,2026-03-23 14:10:00+00:00,2
2026-03-27 10:40:00+00:00,bearish,0.010232089782543915,0.07389842620717185,0.042065257994857885,both_targets,2026-03-27 10:45:00+00:00,1.0,2026-03-27 10:50:00+00:00,2
2026-03-27 20:35:00+00:00,bearish,0.5840964536999343,0.950394229749329,0.7672453417246317,both_targets,2026-03-27 20:40:00+00:00,1.0,2026-03-27 20:45:00+00:00,2
2026-03-30 23:05:00+00:00,bearish,0.6151683732783214,0.6059730313758267,0.6105707023270741,both_targets,2026-03-30 23:10:00+00:00,1.0,2026-03-30 23:15:00+00:00,2
2026-04-08 00:00:00+00:00,bullish,0.7913576124234346,0.026958711246863044,0.4091581618351488,both_targets,2026-04-08 00:05:00+00:00,1.0,2026-04-08 05:45:00+00:00,69
2026-04-09 15:20:00+00:00,bullish,0.12269449866550108,0.1883065300374182,0.15550051435145965,both_targets,2026-04-09 15:25:00+00:00,1.0,2026-04-09 17:30:00+00:00,26
2026-04-10 13:00:00+00:00,bullish,0.7942492688255293,0.08550923805158377,0.4398792534385565,both_targets,2026-04-10 13:05:00+00:00,1.0,2026-04-10 13:10:00+00:00,2
2026-04-16 02:35:00+00:00,bullish,0.27545252915535556,0.14023037847899306,0.2078414538171743,both_targets,2026-04-16 02:45:00+00:00,2.0,2026-04-16 02:50:00+00:00,3
2026-05-01 06:50:00+00:00,bullish,0.3441403135798242,1.320754716981693,0.8324475152807587,both_targets,2026-05-01 06:55:00+00:00,1.0,2026-05-01 07:00:00+00:00,2
2026-05-01 11:15:00+00:00,bullish,0.12070143475297332,0.4167615577316782,0.2687314962423258,both_targets,2026-05-01 11:20:00+00:00,1.0,2026-05-01 11:25:00+00:00,2
2026-05-01 14:05:00+00:00,bullish,0.5634164134713232,0.7093210623781978,0.6363687379247605,both_targets,2026-05-01 14:10:00+00:00,1.0,2026-05-01 14:15:00+00:00,2
2026-05-05 23:00:00+00:00,bullish,0.4206345164741066,1.589855884299961,1.0052452003870338,both_targets,2026-05-05 23:05:00+00:00,1.0,2026-05-06 04:50:00+00:00,70
2026-05-06 04:30:00+00:00,bullish,0.049017213021283555,0.06383637044637928,0.056426791733831416,both_targets,2026-05-06 04:35:00+00:00,1.0,2026-05-06 04:40:00+00:00,2
2026-05-06 08:00:00+00:00,bullish,0.09706860803883995,0.22867124009147044,0.16286992406515519,both_targets,2026-05-06 08:35:00+00:00,7.0,2026-05-06 08:40:00+00:00,8
2026-05-13 06:10:00+00:00,bearish,0.1545936395756135,1.7417550058892732,0.9481743227324434,both_targets,2026-05-13 06:15:00+00:00,1.0,2026-05-13 06:55:00+00:00,9
2026-05-15 18:35:00+00:00,bearish,1.3492331345857638,4.63569205384904,2.9924625942174017,both_targets,2026-05-15 18:40:00+00:00,1.0,2026-05-15 18:45:00+00:00,2
2026-05-17 23:30:00+00:00,bearish,1.4684397827304387,0.36710994568268246,0.9177748642065606,both_targets,2026-05-17 23:35:00+00:00,1.0,2026-05-17 23:40:00+00:00,2
2026-05-19 13:10:00+00:00,bearish,0.2175643406739225,0.14858052533831154,0.18307243300611703,both_targets,2026-05-19 13:15:00+00:00,1.0,2026-05-19 13:20:00+00:00,2
2026-05-27 23:00:00+00:00,bearish,0.49314926571512935,0.699836825610731,0.5964930456629302,both_targets,2026-05-27 23:05:00+00:00,1.0,2026-05-27 23:55:00+00:00,11
2026-05-29 16:00:00+00:00,bullish,0.4922820872630263,0.38834317788729084,0.44031263257515857,both_targets,2026-05-29 16:05:00+00:00,1.0,2026-05-29 16:10:00+00:00,2
2026-06-01 05:05:00+00:00,bullish,0.2159847106771953,0.7478873563748555,0.4819360335260254,both_targets,2026-06-01 06:05:00+00:00,12.0,2026-06-01 07:00:00+00:00,23
2026-06-04 07:30:00+00:00,bearish,2.417083144021516,-1.0,0.708541572010758,stop_after_partial,2026-06-04 07:40:00+00:00,2.0,2026-06-04 08:25:00+00:00,11
2026-06-08 08:50:00+00:00,bearish,0.11649593985829823,0.3093168058304079,0.21290637284435304,both_targets,2026-06-08 08:55:00+00:00,1.0,2026-06-08 09:00:00+00:00,2
2026-06-11 20:00:00+00:00,bullish,0.6318243404797418,0.15481788475334005,0.3933211126165409,both_targets,2026-06-11 20:05:00+00:00,1.0,2026-06-11 20:10:00+00:00,2
2026-06-14 21:25:00+00:00,bullish,0.31679829621067573,0.8199485313690026,0.5683734137898392,both_targets,2026-06-14 21:30:00+00:00,1.0,2026-06-14 21:35:00+00:00,2
2026-06-17 20:00:00+00:00,bearish,0.9334561171023457,0.7250231823884526,0.8292396497453991,both_targets,2026-06-17 20:05:00+00:00,1.0,2026-06-17 20:10:00+00:00,2
2026-06-18 07:35:00+00:00,bearish,0.024978441226324623,0.3158732046745524,0.1704258229504385,both_targets,2026-06-18 08:15:00+00:00,8.0,2026-06-18 09:15:00+00:00,20
2026-06-22 03:40:00+00:00,bearish,0.012080450872013825,0.017602942699224525,0.014841696785619175,both_targets,2026-06-22 04:00:00+00:00,4.0,2026-06-22 04:05:00+00:00,5
2026-06-22 07:30:00+00:00,bearish,0.0029543482848414836,0.03249783113319801,0.01772608970901975,both_targets,2026-06-22 07:35:00+00:00,1.0,2026-06-22 07:40:00+00:00,2
2026-06-22 10:40:00+00:00,bearish,0.08883990448042298,0.013693368735687342,0.05126663660805516,both_targets,2026-06-22 13:05:00+00:00,29.0,2026-06-22 13:10:00+00:00,30
2026-06-22 13:05:00+00:00,bearish,0.030368694936971082,0.06674786074688113,0.04855827784192611,both_targets,2026-06-22 13:10:00+00:00,1.0,2026-06-22 13:15:00+00:00,2
2026-06-23 07:45:00+00:00,bearish,0.2858852938071055,0.3154596345457338,0.30067246417641963,both_targets,2026-06-23 07:50:00+00:00,1.0,2026-06-23 07:55:00+00:00,2
2026-06-23 14:15:00+00:00,bearish,0.48566142460683076,0.8298214958714519,0.6577414602391414,both_targets,2026-06-23 14:20:00+00:00,1.0,2026-06-23 14:25:00+00:00,2
2026-06-24 00:15:00+00:00,bearish,0.40520984080957045,1.1706062067838698,0.7879080237967202,both_targets,2026-06-24 00:25:00+00:00,2.0,2026-06-24 00:30:00+00:00,3
2026-06-24 12:35:00+00:00,bearish,0.11974909712982895,0.8935124939686713,0.5066307955492502,both_targets,2026-06-24 12:40:00+00:00,1.0,2026-06-24 12:45:00+00:00,2
2026-07-01 12:00:00+00:00,bearish,0.4488322717622156,0.16645435244150536,0.30764331210186047,both_targets,2026-07-01 12:05:00+00:00,1.0,2026-07-01 12:10:00+00:00,2
2026-07-08 00:00:00+00:00,bearish,0.5464744656768229,0.012817098342080575,0.2796457820094517,both_targets,2026-07-08 00:05:00+00:00,1.0,2026-07-08 00:10:00+00:00,2
2026-07-21 20:00:00+00:00,bearish,0.1923364485980509,0.020934579439272884,0.10663551401866189,both_targets,2026-07-21 20:05:00+00:00,1.0,2026-07-21 20:10:00+00:00,2
2026-07-23 11:00:00+00:00,bearish,0.5666143553315213,1.3066820847436802,0.9366482200376007,both_targets,2026-07-23 11:05:00+00:00,1.0,2026-07-23 11:30:00+00:00,6
