signal_time,direction,leg1_r,leg2_r,total_r,exit_reason,is_win,session,dow,hour_utc,month,quarter,atr15,atr_trailing_pct,vol_regime,target1_R,target2_R,ob_body_atr_ratio,fvg_size_atr_ratio,bars_zone_to_confirmation_5m,t1_time,exit_time,bars_to_resolution_5m,bars_to_t1_5m
2025-07-31 23:20:00+00:00,bearish,-1.0,-1.0,-1.0,stop_before_target1,False,Off-session (22:00-00:00 UTC gap),Thursday,23,2025-07,2025Q3,0.0005192857142857697,0.17582417582417584,low,0.6397873857522919,1.2478122771764473,0.09422321929324097,1.1306786315195891,43.0,,2025-07-31 23:50:00+00:00,6.0,
2025-08-06 01:05:00+00:00,bearish,0.3723404255318439,-1.0,-0.31382978723407806,stop_after_partial,False,Asia,Wednesday,1,2025-08,2025Q3,0.0003828571428571451,0.06818181818181818,low,0.3723404255318439,6.079173486089005,0.013461538462224221,0.10769230769241346,4.0,2025-08-06 01:10:00+00:00,2025-08-06 03:25:00+00:00,28.0,1.0
2025-08-25 06:10:00+00:00,bullish,-1.0,-1.0,-1.0,stop_before_target1,False,Asia,Monday,6,2025-08,2025Q3,0.00032250000000000334,0.04091144484722942,low,0.010175527855572684,1.8672093614853866,0.2790697674423088,1.9069767441861265,2.0,,2025-08-25 06:15:00+00:00,1.0,
2025-08-26 00:05:00+00:00,bullish,-1.0,-1.0,-1.0,stop_before_target1,False,Asia,Tuesday,0,2025-08,2025Q3,0.00035857142857146203,0.0708936595107339,low,0.2419545288649275,1.3510380214260005,0.34339622641496376,3.724528301886188,4.0,,2025-08-26 00:10:00+00:00,1.0,
2025-08-28 03:30:00+00:00,bearish,-1.0,-1.0,-1.0,stop_before_target1,False,Asia,Thursday,3,2025-08,2025Q3,0.00044892857142859414,0.20552286102308737,low,0.21558106203286426,2.4509908437273413,0.45500000000038987,0.1866666666668532,3.0,,2025-08-28 03:35:00+00:00,1.0,
2025-09-03 10:25:00+00:00,bearish,-1.0,-1.0,-1.0,stop_before_target1,False,London,Wednesday,10,2025-09,2025Q3,0.001082142857142841,0.8840137352155666,high,99.04132231402012,88.16528925617295,0.4022242817426317,0.7784986098237235,47.0,,2025-09-03 10:30:00+00:00,1.0,
2025-09-08 05:10:00+00:00,bullish,-1.0,-1.0,-1.0,stop_before_target1,False,Asia,Monday,5,2025-09,2025Q3,0.00039250000000006543,0.13395638629283488,low,7.826086956347126,59.99999999857119,0.03580562659869185,0.26257459505548353,5.0,,2025-09-08 05:15:00+00:00,1.0,
2025-09-23 16:20:00+00:00,bullish,-1.0,-1.0,-1.0,stop_before_target1,False,London/NY overlap,Tuesday,16,2025-09,2025Q3,0.0008582142857143252,0.7760521042084169,high,0.5760502241138624,0.05938662104260733,0.2173730591692279,0.6168694922367866,4.0,,2025-09-24 08:05:00+00:00,189.0,
2025-09-26 00:10:00+00:00,bearish,0.0076052300582332595,-1.0,-0.4961973849708834,stop_after_partial,False,Asia,Friday,0,2025-09,2025Q3,0.0003675000000000602,0.12811387900355872,low,0.0076052300582332595,0.16790007897742726,0.06505576208162275,0.8977695167280118,11.0,2025-09-26 00:15:00+00:00,2025-09-29 12:55:00+00:00,1017.0,1.0
2025-09-26 10:20:00+00:00,bearish,-1.0,-1.0,-1.0,stop_before_target1,False,London,Friday,10,2025-09,2025Q3,0.0007474999999999803,0.6720226843100189,high,2.513582035494839,4.32452010141355,0.006688963210746339,0.44147157190628783,1.0,,2025-09-26 10:25:00+00:00,1.0,
2025-09-29 06:10:00+00:00,bearish,-1.0,-1.0,-1.0,stop_before_target1,False,Asia,Monday,6,2025-09,2025Q3,0.00042250000000005575,0.2256867112100965,low,1.1408199643493382,1.3352779128180996,0.17312448474864772,0.2539159109641366,11.0,,2025-09-29 06:15:00+00:00,1.0,
2025-09-30 00:35:00+00:00,bearish,0.3183747725893038,-1.0,-0.3408126137053481,stop_after_partial,False,Asia,Tuesday,0,2025-09,2025Q3,0.0002614285714285712,0.015342736946300421,low,0.3183747725893038,4.107034566405554,0.09032258064373799,1.445161290321869,7.0,2025-09-30 00:40:00+00:00,2025-09-30 05:00:00+00:00,53.0,1.0
2025-10-01 10:00:00+00:00,bearish,0.11530956182363034,-1.0,-0.4423452190881848,stop_after_partial,False,London,Wednesday,10,2025-10,2025Q4,0.0011850000000000074,0.9579667644183774,high,0.11530956182363034,0.7379811956714705,0.3045369794904225,0.5177128651335251,3.0,2025-10-01 10:05:00+00:00,2025-10-01 12:20:00+00:00,28.0,1.0
2025-10-02 12:40:00+00:00,bearish,-1.0,-1.0,-1.0,stop_before_target1,False,London,Thursday,12,2025-10,2025Q4,0.0006264285714285675,0.5516912815626489,medium,2.462368188038168,3.4033647267163296,0.3671607753701535,0.7183580387682772,2.0,,2025-10-02 12:45:00+00:00,1.0,
2025-10-03 05:00:00+00:00,bearish,0.4353393085790459,-1.0,-0.28233034571047705,stop_after_partial,False,Asia,Friday,5,2025-10,2025Q4,0.000404999999999957,0.2038743208126624,low,0.4353393085790459,8.924455825870156,0.3800904977377327,0.11613876319741913,9.0,2025-10-03 05:05:00+00:00,2025-10-03 06:10:00+00:00,14.0,1.0
2025-10-08 14:55:00+00:00,bearish,-1.0,-1.0,-1.0,stop_before_target1,False,London/NY overlap,Wednesday,14,2025-10,2025Q4,0.000712499999999989,0.6852347360739479,high,4.488448844886094,6.270627062709014,0.16390243902425294,0.7512195121948971,5.0,,2025-10-08 15:00:00+00:00,1.0,
2025-10-10 11:30:00+00:00,bearish,0.13592697685548574,-1.0,-0.43203651157225714,stop_after_partial,False,London,Friday,11,2025-10,2025Q4,0.000633928571428569,0.5757146231986771,medium,0.13592697685548574,0.49106013469626353,0.015774647887427346,0.12619718309871825,0.0,2025-10-10 12:00:00+00:00,2025-10-10 15:10:00+00:00,44.0,6.0
2025-10-14 11:05:00+00:00,bearish,-1.0,-1.0,-1.0,stop_before_target1,False,London,Tuesday,11,2025-10,2025Q4,0.0008157142857142847,0.7941103687206137,high,0.07253001767535079,0.14221572093210372,0.40222428174240155,0.8174235403152867,43.0,,2025-10-15 01:25:00+00:00,172.0,
2025-10-21 02:05:00+00:00,bearish,0.14543565770690403,-1.0,-0.427282171146548,stop_after_partial,False,Asia,Tuesday,2,2025-10,2025Q4,0.00035035714285713837,0.11556545409552091,low,0.14543565770690403,1.2180236332940093,0.2426095820594483,0.31396534148843686,1.0,2025-10-21 02:10:00+00:00,2025-10-21 02:20:00+00:00,3.0,1.0
2025-10-24 01:15:00+00:00,bearish,-1.0,-1.0,-1.0,stop_before_target1,False,Asia,Friday,1,2025-10,2025Q4,0.00027321428571433097,0.0368532955350815,low,0.04690117252904428,2.51987208771088,0.13980028530670344,0.1597717546363592,6.0,,2025-10-24 01:20:00+00:00,1.0,
2025-10-24 04:25:00+00:00,bearish,-1.0,-1.0,-1.0,stop_before_target1,False,Asia,Friday,4,2025-10,2025Q4,0.0002946428571428683,0.057655954631379965,low,0.23038946791017273,6.4816236972015995,0.13980028530670344,0.1597717546363592,44.0,,2025-10-24 04:30:00+00:00,1.0,
2025-10-31 06:55:00+00:00,bearish,0.2922952586208122,-1.0,-0.3538523706895939,stop_after_partial,False,Asia,Friday,6,2025-10,2025Q4,0.00035285714285712304,0.14492067250769594,low,0.2922952586208122,3.0926724137916035,0.2692307692306603,1.969635627530793,2.0,2025-10-31 07:00:00+00:00,2025-10-31 08:50:00+00:00,23.0,1.0
2025-11-05 06:35:00+00:00,bearish,-1.0,-1.0,-1.0,stop_before_target1,False,Asia,Wednesday,6,2025-11,2025Q4,0.0002910714285714639,0.053136531365313655,low,3.0463398253836584,5.584956346536707,0.18895705521517603,0.48098159509206573,1.0,,2025-11-05 06:40:00+00:00,1.0,
2025-12-10 15:05:00+00:00,bullish,-1.0,-1.0,-1.0,stop_before_target1,False,London/NY overlap,Wednesday,15,2025-12,2025Q4,0.0006525000000000082,0.7408678597695514,high,3.305004721434168,3.116147308781266,0.45287228109299166,0.32794199665372503,4.0,,2025-12-10 15:10:00+00:00,1.0,
2025-12-12 17:40:00+00:00,bullish,0.30484824245657116,-1.0,-0.3475758787717144,stop_after_partial,False,New York,Friday,17,2025-12,2025Q4,0.0007867857142857458,0.9016432483924745,high,0.30484824245657116,2.37035061991671,0.019073569482130345,0.7629427792914254,5.0,2025-12-12 17:45:00+00:00,2025-12-12 19:50:00+00:00,26.0,1.0
2025-12-15 01:35:00+00:00,bullish,-1.0,-1.0,-1.0,stop_before_target1,False,Asia,Monday,1,2025-12,2025Q4,0.00034071428571429737,0.22202797202797203,low,1.5229653505231426,2.2562449637382365,0.3522012578619754,1.2033542976932905,1.0,,2025-12-15 01:40:00+00:00,1.0,
2025-12-19 20:55:00+00:00,bearish,-1.0,-1.0,-1.0,stop_before_target1,False,New York,Friday,20,2025-12,2025Q4,0.00040428571428573,0.3697258641239571,medium,0.5601545253864895,0.3235375275935435,0.27208480565383447,0.3586572438163932,2.0,,2025-12-22 04:45:00+00:00,670.0,
2025-12-30 07:10:00+00:00,bearish,0.6489529012498754,-1.0,-0.17552354937506232,stop_after_partial,False,Asia,Tuesday,7,2025-12,2025Q4,0.0002646428571428621,0.06561945781606283,low,0.6489529012498754,5.330684545979943,0.3967611336033136,1.0769230769225606,2.0,2025-12-30 07:25:00+00:00,2025-12-30 09:40:00+00:00,30.0,3.0
2026-01-07 07:30:00+00:00,bearish,-1.0,-1.0,-1.0,stop_before_target1,False,Asia,Wednesday,7,2026-01,2026Q1,0.00035964285714283416,0.274338556383252,low,6.008355488030875,7.550322825670335,0.31602708803680485,1.1693002257343534,3.0,,2026-01-07 07:35:00+00:00,1.0,
2026-01-13 15:00:00+00:00,bearish,-1.0,-1.0,-1.0,stop_before_target1,False,London/NY overlap,Tuesday,15,2026-01,2026Q1,0.0007528571428570949,0.8790552815987542,high,65.74766355163551,276.40186915981593,0.3918406072105638,0.571157495256111,0.0,,2026-01-13 15:05:00+00:00,1.0,
2026-01-30 11:55:00+00:00,bullish,-1.0,-1.0,-1.0,stop_before_target1,False,London,Friday,11,2026-01,2026Q1,0.001096785714285699,0.9426735853718804,high,1.776780125617721,3.193973797241432,0.365415986949388,0.14616639477991747,11.0,,2026-01-30 12:45:00+00:00,10.0,
2026-04-10 03:35:00+00:00,bullish,-1.0,-1.0,-1.0,stop_before_target1,False,Asia,Friday,3,2026-04,2026Q2,0.000375357142857096,0.12298578199052132,low,0.018780602320868537,5.3336910590916355,0.08308605341178409,0.6646884272991923,10.0,,2026-04-10 03:40:00+00:00,1.0,
2026-05-04 03:50:00+00:00,bullish,-1.0,-1.0,-1.0,stop_before_target1,False,Asia,Monday,3,2026-05,2026Q2,0.0004149999999999432,0.19277708592777085,low,0.05596597268857989,0.8663532572196064,0.13253012048227902,1.6144578313253979,1.0,,2026-05-04 03:55:00+00:00,1.0,
2026-05-04 06:05:00+00:00,bullish,-1.0,-1.0,-1.0,stop_before_target1,False,Asia,Monday,6,2026-05,2026Q2,0.00042678571428563953,0.20921544209215442,low,0.3081018723933219,0.8522495341201037,0.13253012048227902,1.6144578313253979,28.0,,2026-05-04 06:10:00+00:00,1.0,
2026-05-07 06:45:00+00:00,bullish,0.10113087231605669,-1.0,-0.44943456384197167,stop_after_partial,False,Asia,Thursday,6,2026-05,2026Q2,0.00033928571428571655,0.11159315497710291,low,0.10113087231605669,0.5663328849698431,0.27999999999986913,0.795789473684183,0.0,2026-05-07 07:10:00+00:00,2026-05-14 15:00:00+00:00,2115.0,5.0
2026-05-21 02:20:00+00:00,bearish,-1.0,-1.0,-1.0,stop_before_target1,False,Asia,Thursday,2,2026-05,2026Q2,0.0003924999999999861,0.2355361897845558,low,0.02488852017014347,1.6136057243595887,0.22580645161294943,0.4193548387095586,7.0,,2026-05-21 02:25:00+00:00,1.0,
2026-05-22 14:05:00+00:00,bearish,0.8222054529350306,-1.0,-0.08889727353248472,stop_after_partial,False,London/NY overlap,Friday,14,2026-05,2026Q2,0.0006853571428571918,0.6718972895863052,high,0.8222054529350306,1.4744578234191572,0.21156852527333098,0.3647733194373026,1.0,2026-05-22 14:10:00+00:00,2026-05-22 15:10:00+00:00,13.0,1.0
2026-06-12 08:20:00+00:00,bullish,0.48772763262068086,-1.0,-0.25613618368965957,stop_after_partial,False,Asia/London overlap,Friday,8,2026-06,2026Q2,0.0005821428571428802,0.6531339031339032,medium,0.48772763262068086,0.4544734758513575,0.009797060881799111,1.2540237928620197,4.0,2026-06-12 08:25:00+00:00,2026-06-12 10:30:00+00:00,26.0,1.0
2026-07-03 01:00:00+00:00,bullish,0.8502980542119767,-1.0,-0.07485097289401166,stop_after_partial,False,Asia,Friday,1,2026-07,2026Q3,0.0003253571428571649,0.19229860618946373,low,0.8502980542119767,13.242604881350381,0.39669421487641005,0.8429752066119126,3.0,2026-07-03 01:05:00+00:00,2026-07-06 06:00:00+00:00,924.0,1.0
2026-07-10 04:00:00+00:00,bullish,-1.0,-1.0,-1.0,stop_before_target1,False,Asia,Friday,4,2026-07,2026Q3,0.0004885714285714414,0.5544531065438223,medium,0.2920188824239402,0.0025615691440866143,0.27667984189784994,2.9051383399218955,45.0,,2026-07-12 21:05:00+00:00,781.0,
2026-07-14 06:30:00+00:00,bearish,-1.0,-1.0,-1.0,stop_before_target1,False,Asia,Tuesday,6,2026-07,2026Q3,0.0003639285714285924,0.26595744680851063,low,0.37741532251984866,0.4006084428982251,0.1666666666670672,0.1666666666670672,6.0,,2026-07-14 12:25:00+00:00,71.0,
2026-07-17 05:40:00+00:00,bullish,-1.0,-1.0,-1.0,stop_before_target1,False,Asia,Friday,5,2026-07,2026Q3,0.0002664285714286198,0.0883742911153119,low,0.44267159605020107,2.35637495743552,0.24396782841728434,1.0321715817693444,2.0,,2026-07-17 05:45:00+00:00,1.0,
2026-07-22 10:05:00+00:00,bearish,-1.0,-1.0,-1.0,stop_before_target1,False,London,Wednesday,10,2026-07,2026Q3,0.0005128571428571879,0.6263440860215054,medium,0.3786388670334052,0.6953186467342326,0.4479166666668068,0.3124999999997212,4.0,,2026-07-22 12:05:00+00:00,24.0,
2026-07-24 11:40:00+00:00,bearish,-1.0,-1.0,-1.0,stop_before_target1,False,London,Friday,11,2026-07,2026Q3,0.00045999999999998424,0.5137051039697542,medium,17.69230769224857,60.76923076903697,0.1413043478255694,0.7717391304345551,2.0,,2026-07-24 11:50:00+00:00,2.0,
