signal_time,direction,leg1_r,leg2_r,total_r,exit_reason,is_win,session,dow,hour_utc,month,quarter,atr15,atr_trailing_pct,vol_regime
2025-07-31 23:20:00+00:00,bearish,-1.0,-1.0,-1.0,stop_before_target1,False,Off-session (22:00-00:00 UTC gap),Thursday,23,2025-07,2025Q3,0.0005192857142857697,0.17582417582417584,low
2025-08-01 01:45:00+00:00,bearish,0.24952858212995063,0.45566088910720154,0.35259473561857607,both_targets,True,Asia,Friday,1,2025-08,2025Q3,0.0007260714285714746,0.42245989304812837,medium
2025-08-06 01:05:00+00:00,bearish,0.3723404255318439,-1.0,-0.31382978723407806,stop_after_partial,False,Asia,Wednesday,1,2025-08,2025Q3,0.0003828571428571451,0.06818181818181818,low
2025-08-06 12:00:00+00:00,bullish,0.5063928665453228,0.5240204663301736,0.5152066664377482,both_targets,True,London,Wednesday,12,2025-08,2025Q3,0.0008510714285714689,0.5511363636363636,medium
2025-08-11 16:00:00+00:00,bearish,0.7330981384100124,0.7703743149393023,0.7517362266746573,both_targets,True,London/NY overlap,Monday,16,2025-08,2025Q3,0.0007882142857142631,0.5292368681863231,medium
2025-08-13 06:40:00+00:00,bullish,0.017135023989023966,0.0856751199451807,0.05140507196710234,both_targets,True,Asia,Wednesday,6,2025-08,2025Q3,0.0004500000000000456,0.12811693895098883,low
2025-08-21 16:00:00+00:00,bearish,0.4056575974855439,0.3496709557017689,0.3776642765936564,both_targets,True,London/NY overlap,Thursday,16,2025-08,2025Q3,0.001155000000000033,0.8982002249718786,high
2025-08-25 06:10:00+00:00,bullish,-1.0,-1.0,-1.0,stop_before_target1,False,Asia,Monday,6,2025-08,2025Q3,0.00032250000000000334,0.04091144484722942,low
2025-08-26 00:05:00+00:00,bullish,-1.0,-1.0,-1.0,stop_before_target1,False,Asia,Tuesday,0,2025-08,2025Q3,0.00035857142857146203,0.0708936595107339,low
2025-08-28 03:30:00+00:00,bearish,-1.0,-1.0,-1.0,stop_before_target1,False,Asia,Thursday,3,2025-08,2025Q3,0.00044892857142859414,0.20552286102308737,low
2025-09-02 03:00:00+00:00,bearish,0.40812393090321436,0.6981954850988564,0.5531597080010354,both_targets,True,Asia,Tuesday,3,2025-09,2025Q3,0.0005239285714285462,0.343349358974359,medium
2025-09-02 07:15:00+00:00,bearish,0.07832964573633705,0.1050329340555734,0.09168128989595523,both_targets,True,Asia,Tuesday,7,2025-09,2025Q3,0.00048642857142853845,0.28690807799442897,low
2025-09-02 12:30:00+00:00,bearish,0.09004131642682367,0.707223251175381,0.3986322838011023,both_targets,True,London,Tuesday,12,2025-09,2025Q3,0.0010375000000000562,0.8658247829518547,high
2025-09-03 07:20:00+00:00,bearish,0.14755636126011276,0.11952065262070116,0.13353850694040698,both_targets,True,Asia,Wednesday,7,2025-09,2025Q3,0.00048535714285722974,0.29091605979302415,low
2025-09-03 10:25:00+00:00,bearish,-1.0,-1.0,-1.0,stop_before_target1,False,London,Wednesday,10,2025-09,2025Q3,0.001082142857142841,0.8840137352155666,high
2025-09-08 05:10:00+00:00,bullish,-1.0,-1.0,-1.0,stop_before_target1,False,Asia,Monday,5,2025-09,2025Q3,0.00039250000000006543,0.13395638629283488,low
2025-09-08 12:45:00+00:00,bullish,0.4480627287819905,0.7981117356430139,0.6230872322125022,both_targets,True,London,Monday,12,2025-09,2025Q3,0.0006046428571428056,0.48184931506849316,medium
2025-09-08 18:15:00+00:00,bullish,15.68129330252193,87.62124711304794,51.65127020778493,both_targets,True,New York,Monday,18,2025-09,2025Q3,0.0006092857142856932,0.4874235214140041,medium
2025-09-15 07:10:00+00:00,bullish,0.2389781623402609,0.27194066749086887,0.2554594149155649,both_targets,True,Asia,Monday,7,2025-09,2025Q3,0.0003850000000000321,0.14298401420959148,low
2025-09-16 13:30:00+00:00,bullish,0.2963430749979571,0.7744214059338698,0.5353822404659134,both_targets,True,London/NY overlap,Tuesday,13,2025-09,2025Q3,0.000977857142857205,0.846,high
2025-09-22 17:00:00+00:00,bullish,2.4278561675012513,4.9767865270831395,3.7023213472921954,both_targets,True,New York,Monday,17,2025-09,2025Q3,0.0007464285714285765,0.6588868940754039,medium
2025-09-23 00:35:00+00:00,bullish,0.16343684333408798,0.05311697408356952,0.10827690870882875,both_targets,True,Asia,Tuesday,0,2025-09,2025Q3,0.000274285714285719,0.01934334436243319,low
2025-09-23 16:20:00+00:00,bullish,-1.0,-1.0,-1.0,stop_before_target1,False,London/NY overlap,Tuesday,16,2025-09,2025Q3,0.0008582142857143252,0.7760521042084169,high
2025-09-25 16:00:00+00:00,bearish,0.7881421398223231,0.7550212437234364,0.7715816917728797,both_targets,True,London/NY overlap,Thursday,16,2025-09,2025Q3,0.0013714285714285948,0.9703562036815683,high
2025-09-26 00:10:00+00:00,bearish,0.0076052300582332595,-1.0,-0.4961973849708834,stop_after_partial,False,Asia,Friday,0,2025-09,2025Q3,0.0003675000000000602,0.12811387900355872,low
2025-09-26 10:20:00+00:00,bearish,-1.0,-1.0,-1.0,stop_before_target1,False,London,Friday,10,2025-09,2025Q3,0.0007474999999999803,0.6720226843100189,high
2025-09-29 06:10:00+00:00,bearish,-1.0,-1.0,-1.0,stop_before_target1,False,Asia,Monday,6,2025-09,2025Q3,0.00042250000000005575,0.2256867112100965,low
2025-09-30 00:35:00+00:00,bearish,0.3183747725893038,-1.0,-0.3408126137053481,stop_after_partial,False,Asia,Tuesday,0,2025-09,2025Q3,0.0002614285714285712,0.015342736946300421,low
2025-10-01 10:00:00+00:00,bearish,0.11530956182363034,-1.0,-0.4423452190881848,stop_after_partial,False,London,Wednesday,10,2025-10,2025Q4,0.0011850000000000074,0.9579667644183774,high
2025-10-02 12:40:00+00:00,bearish,-1.0,-1.0,-1.0,stop_before_target1,False,London,Thursday,12,2025-10,2025Q4,0.0006264285714285675,0.5516912815626489,medium
2025-10-03 05:00:00+00:00,bearish,0.4353393085790459,-1.0,-0.28233034571047705,stop_after_partial,False,Asia,Friday,5,2025-10,2025Q4,0.000404999999999957,0.2038743208126624,low
2025-10-05 23:00:00+00:00,bearish,0.1306116356307636,0.1306116356307636,0.1306116356307636,both_targets,True,Off-session (22:00-00:00 UTC gap),Sunday,23,2025-10,2025Q4,0.0005703571428571522,0.4945571499257793,medium
2025-10-07 04:45:00+00:00,bearish,0.09193615395957148,1.7730543977914024,0.932495275875487,both_targets,True,Asia,Tuesday,4,2025-10,2025Q4,0.00039892857142863135,0.20237506185056903,low
2025-10-07 14:40:00+00:00,bearish,0.16101451249223098,0.049434280151137294,0.10522439632168414,both_targets,True,London/NY overlap,Tuesday,14,2025-10,2025Q4,0.0008010714285714744,0.7832219747587231,high
2025-10-08 14:55:00+00:00,bearish,-1.0,-1.0,-1.0,stop_before_target1,False,London/NY overlap,Wednesday,14,2025-10,2025Q4,0.000712499999999989,0.6852347360739479,high
2025-10-09 14:00:00+00:00,bearish,0.022560177258434976,0.23688186121469437,0.12972101923656468,both_targets,True,London/NY overlap,Thursday,14,2025-10,2025Q4,0.0009303571428571951,0.8772597526165556,high
2025-10-10 11:30:00+00:00,bearish,0.13592697685548574,-1.0,-0.43203651157225714,stop_after_partial,False,London,Friday,11,2025-10,2025Q4,0.000633928571428569,0.5757146231986771,medium
2025-10-14 07:00:00+00:00,bearish,0.31437991453306613,0.2660137738357216,0.29019684418439384,both_targets,True,Asia,Tuesday,7,2025-10,2025Q4,0.0007039285714285518,0.6642751113310242,medium
2025-10-14 11:05:00+00:00,bearish,-1.0,-1.0,-1.0,stop_before_target1,False,London,Tuesday,11,2025-10,2025Q4,0.0008157142857142847,0.7941103687206137,high
2025-10-21 02:05:00+00:00,bearish,0.14543565770690403,-1.0,-0.427282171146548,stop_after_partial,False,Asia,Tuesday,2,2025-10,2025Q4,0.00035035714285713837,0.11556545409552091,low
2025-10-21 05:30:00+00:00,bearish,0.0035117644106434694,0.5689058345457636,0.28620879947820355,both_targets,True,Asia,Tuesday,5,2025-10,2025Q4,0.0003878571428571779,0.17714002968827314,low
2025-10-24 01:15:00+00:00,bearish,-1.0,-1.0,-1.0,stop_before_target1,False,Asia,Friday,1,2025-10,2025Q4,0.00027321428571433097,0.0368532955350815,low
2025-10-24 04:25:00+00:00,bearish,-1.0,-1.0,-1.0,stop_before_target1,False,Asia,Friday,4,2025-10,2025Q4,0.0002946428571428683,0.057655954631379965,low
2025-10-24 20:05:00+00:00,bullish,0.37026575940421014,0.8304018487610394,0.6003338040826247,both_targets,True,New York,Friday,20,2025-10,2025Q4,0.00035892857142859135,0.1472117202268431,low
2025-10-27 18:45:00+00:00,bullish,0.17629401859577143,0.2787905410351332,0.2275422798154523,both_targets,True,New York,Monday,18,2025-10,2025Q4,0.0003910714285713895,0.21004453240969817,low
2025-10-28 04:15:00+00:00,bullish,0.005591500918640397,0.2012940330697134,0.1034427669941769,both_targets,True,Asia,Tuesday,4,2025-10,2025Q4,0.00041071428571431187,0.2503711034141514,low
2025-10-30 16:00:00+00:00,bearish,0.8130843555486209,0.341519736785005,0.577302046166813,both_targets,True,London/NY overlap,Thursday,16,2025-10,2025Q4,0.001239642857142953,0.9657387580299786,high
2025-10-31 06:55:00+00:00,bearish,0.2922952586208122,-1.0,-0.3538523706895939,stop_after_partial,False,Asia,Friday,6,2025-10,2025Q4,0.00035285714285712304,0.14492067250769594,low
2025-11-04 00:00:00+00:00,bearish,0.4826842328285571,0.7172849493430102,0.5999845910857837,both_targets,True,Asia,Tuesday,0,2025-11,2025Q4,0.0001921428571428471,0.0009928021841648052,low
2025-11-05 06:35:00+00:00,bearish,-1.0,-1.0,-1.0,stop_before_target1,False,Asia,Wednesday,6,2025-11,2025Q4,0.0002910714285714639,0.053136531365313655,low
2025-11-05 09:45:00+00:00,bearish,4.500518492919837,-1.0,1.7502592464599185,stop_after_partial,True,London,Wednesday,9,2025-11,2025Q4,0.0005332142857142738,0.4605198626777832,medium
2025-11-11 16:00:00+00:00,bullish,0.696242915587613,0.31002514731818387,0.5031340314528985,both_targets,True,London/NY overlap,Tuesday,16,2025-11,2025Q4,0.0008114285714285899,0.8519254658385094,high
2025-11-12 06:40:00+00:00,bullish,1.771282856019433,-1.0,0.38564142800971646,stop_after_partial,True,Asia,Wednesday,6,2025-11,2025Q4,0.000341428571428556,0.1450381679389313,low
2025-11-12 15:10:00+00:00,bullish,3.26923076923222,8.894230769235156,6.081730769233688,both_targets,True,London/NY overlap,Wednesday,15,2025-11,2025Q4,0.0006199999999999698,0.6056166056166056,medium
2025-11-19 16:00:00+00:00,bearish,0.6238130021913809,0.6314828341855875,0.6276479181884842,both_targets,True,London/NY overlap,Wednesday,16,2025-11,2025Q4,0.0007642857142857094,0.8368742368742369,high
2025-11-21 09:55:00+00:00,bearish,0.3142991635589938,2.970634029764925,1.6424665966619596,both_targets,True,London,Friday,9,2025-11,2025Q4,0.0007632142857142739,0.8335312277368796,high
2025-11-25 16:00:00+00:00,bullish,0.7728272035174956,0.31988325989079053,0.546355231704143,both_targets,True,London/NY overlap,Tuesday,16,2025-11,2025Q4,0.0013010714285714511,0.9887976101568334,high
2025-11-26 15:05:00+00:00,bullish,0.49763033175365406,0.03807008002487763,0.26785020588926584,both_targets,True,London/NY overlap,Wednesday,15,2025-11,2025Q4,0.0011871428571428627,0.9777342794225593,high
2025-11-30 23:10:00+00:00,bullish,0.11519845111321758,0.1377863827041016,0.1264924169086596,both_targets,True,Off-session (22:00-00:00 UTC gap),Sunday,23,2025-11,2025Q4,0.00023571428571430734,0.016450648055832504,low
2025-12-01 07:20:00+00:00,bullish,0.6060502769492864,0.23144439710262849,0.41874733702595746,both_targets,True,Asia,Monday,7,2025-12,2025Q4,0.0004053571428571656,0.2966101694915254,low
2025-12-03 10:00:00+00:00,bullish,0.21595315945547414,0.5018629761995524,0.3589080678275133,both_targets,True,London,Wednesday,10,2025-12,2025Q4,0.0005274999999999506,0.5188284518828452,medium
2025-12-04 07:50:00+00:00,bullish,3.6842105263135716,9.433811802228679,6.559011164271125,both_targets,True,Asia,Thursday,7,2025-12,2025Q4,0.000291428571428514,0.08819277108433735,low
2025-12-10 15:05:00+00:00,bullish,-1.0,-1.0,-1.0,stop_before_target1,False,London/NY overlap,Wednesday,15,2025-12,2025Q4,0.0006525000000000082,0.7408678597695514,high
2025-12-12 17:40:00+00:00,bullish,0.30484824245657116,-1.0,-0.3475758787717144,stop_after_partial,False,New York,Friday,17,2025-12,2025Q4,0.0007867857142857458,0.9016432483924745,high
2025-12-15 01:35:00+00:00,bullish,-1.0,-1.0,-1.0,stop_before_target1,False,Asia,Monday,1,2025-12,2025Q4,0.00034071428571429737,0.22202797202797203,low
2025-12-16 08:05:00+00:00,bullish,0.14997462835226774,0.6604145915163171,0.4051946099342924,both_targets,True,Asia/London overlap,Tuesday,8,2025-12,2025Q4,0.00040321428571432616,0.3613886113886114,medium
2025-12-16 11:55:00+00:00,bullish,0.14162124620645666,0.3466549907144926,0.24413811846047462,both_targets,True,London,Tuesday,11,2025-12,2025Q4,0.000704642857142858,0.8326673326673326,high
2025-12-19 20:55:00+00:00,bearish,-1.0,-1.0,-1.0,stop_before_target1,False,New York,Friday,20,2025-12,2025Q4,0.00040428571428573,0.3697258641239571,medium
2025-12-23 19:00:00+00:00,bullish,0.014547761504210131,0.20673134769149662,0.11063955459785338,both_targets,True,New York,Tuesday,19,2025-12,2025Q4,0.0005521428571428741,0.6185953511622094,medium
2025-12-30 07:10:00+00:00,bearish,0.6489529012498754,-1.0,-0.17552354937506232,stop_after_partial,False,Asia,Tuesday,7,2025-12,2025Q4,0.0002646428571428621,0.06561945781606283,low
2025-12-31 02:00:00+00:00,bearish,0.0509747622911687,0.02330274847598131,0.03713875538357501,both_targets,True,Asia,Wednesday,2,2025-12,2025Q4,0.00023071428571424285,0.0264750378214826,low
2025-12-31 07:20:00+00:00,bearish,0.009036047374664175,0.24058476135154974,0.12481040436310696,both_targets,True,Asia,Wednesday,7,2025-12,2025Q4,0.00031714285714284126,0.17707549535991973,low
2026-01-02 07:00:00+00:00,bearish,0.13678844519974262,0.12489379779100045,0.13084112149537153,both_targets,True,Asia,Friday,7,2026-01,2026Q1,0.00031428571428580653,0.17391304347826086,low
2026-01-06 11:00:00+00:00,bearish,0.08154825180934268,2.1916092673762884,1.1365787595928156,both_targets,True,London,Tuesday,11,2026-01,2026Q1,0.0007253571428571684,0.8536205554113677,high
2026-01-06 12:45:00+00:00,bearish,0.2404409798638271,1.2497171887534289,0.745079084308628,both_targets,True,London,Tuesday,12,2026-01,2026Q1,0.000577857142857122,0.664417337139891,medium
2026-01-07 07:30:00+00:00,bearish,-1.0,-1.0,-1.0,stop_before_target1,False,Asia,Wednesday,7,2026-01,2026Q1,0.00035964285714283416,0.274338556383252,low
2026-01-09 15:10:00+00:00,bearish,0.2833214290716106,0.3333193283195675,0.30832037869558904,both_targets,True,London/NY overlap,Friday,15,2026-01,2026Q1,0.0008521428571427934,0.9473684210526315,high
2026-01-13 15:00:00+00:00,bearish,-1.0,-1.0,-1.0,stop_before_target1,False,London/NY overlap,Tuesday,15,2026-01,2026Q1,0.0007528571428570949,0.8790552815987542,high
2026-01-20 08:00:00+00:00,bullish,0.11565277731882742,0.9252222185506707,0.520437497934749,both_targets,True,Asia/London overlap,Tuesday,8,2026-01,2026Q1,0.0005828571428570914,0.6901116013495977,high
2026-01-21 01:25:00+00:00,bullish,0.011995750077140573,0.4762312780614526,0.2441135140692966,both_targets,True,Asia,Wednesday,1,2026-01,2026Q1,0.00036285714285718855,0.297311271975181,low
2026-01-26 14:20:00+00:00,bullish,1.5184854021689265,3.837033005480283,2.6777592038246048,both_targets,True,London/NY overlap,Monday,14,2026-01,2026Q1,0.0006867857142858044,0.8001038421599169,high
2026-01-27 09:55:00+00:00,bullish,0.42661170578190805,0.6639629457260111,0.5452873257539596,both_targets,True,London,Tuesday,9,2026-01,2026Q1,0.000630714285714294,0.7279335410176532,high
2026-01-30 11:55:00+00:00,bullish,-1.0,-1.0,-1.0,stop_before_target1,False,London,Friday,11,2026-01,2026Q1,0.001096785714285699,0.9426735853718804,high
2026-01-30 16:00:00+00:00,bearish,0.007944434356326222,0.34478845106222955,0.1763664427092779,both_targets,True,London/NY overlap,Friday,16,2026-01,2026Q1,0.0014185714285714912,0.9804841897233202,high
2026-02-02 12:15:00+00:00,bearish,0.22750722245147917,0.24773008666939414,0.23761865456043665,both_targets,True,London,Monday,12,2026-02,2026Q1,0.0007785714285714539,0.8006747988580327,high
2026-02-09 09:05:00+00:00,bullish,0.05792896959888874,0.5877512308743797,0.32284010023663423,both_targets,True,London,Monday,9,2026-02,2026Q1,0.0009182142857143218,0.872533748701973,high
2026-02-17 04:00:00+00:00,bearish,0.06459360384273898,0.08229048160791277,0.07344204272532587,both_targets,True,Asia,Tuesday,4,2026-02,2026Q1,0.0003571428571428654,0.1897222943161173,low
2026-02-17 07:25:00+00:00,bearish,0.0023965489694995528,0.1717526761463682,0.08707461255793388,both_targets,True,Asia,Tuesday,7,2026-02,2026Q1,0.00034000000000005456,0.16303219106957426,low
2026-02-24 04:00:00+00:00,bearish,0.18018971049752944,0.032088578581637696,0.10613914453958356,both_targets,True,Asia,Tuesday,4,2026-02,2026Q1,0.0005564285714285371,0.5141907440552288,medium
2026-03-02 06:00:00+00:00,bearish,0.27246754740864443,0.24830786340193253,0.2603877054052885,both_targets,True,Asia,Monday,6,2026-03,2026Q1,0.0005021428571428162,0.4273027150469424,medium
2026-03-02 15:40:00+00:00,bearish,0.04196101686176879,0.5734672304439864,0.3077141236528776,both_targets,True,London/NY overlap,Monday,15,2026-03,2026Q1,0.0012671428571428,0.9527519477255592,high
2026-03-02 20:15:00+00:00,bearish,0.14462851651888756,0.6205290541145048,0.38257878531669615,both_targets,True,New York,Monday,20,2026-03,2026Q1,0.0009653571428571547,0.864432216108054,high
2026-03-03 04:50:00+00:00,bearish,0.03369147646732683,0.082996076175602,0.05834377632146441,both_targets,True,Asia,Tuesday,4,2026-03,2026Q1,0.0006424999999999745,0.614481897627965,medium
2026-03-03 14:15:00+00:00,bearish,0.15017565595884433,0.3964363440737446,0.27330600001629446,both_targets,True,London/NY overlap,Tuesday,14,2026-03,2026Q1,0.0010767857142857265,0.9013979031452821,high
2026-03-04 00:05:00+00:00,bearish,0.023544005772086693,0.3830331261629472,0.20328856596751696,both_targets,True,Asia,Wednesday,0,2026-03,2026Q1,0.0004525000000000144,0.3120019920318725,low
2026-03-08 21:05:00+00:00,bearish,1.7364695989347951,0.0915652519212562,0.9140174254280257,both_targets,True,New York,Sunday,21,2026-03,2026Q1,0.0009292857142856802,0.8016961835869294,high
2026-03-13 08:00:00+00:00,bearish,0.031231631056003278,0.5175527432136617,0.2743921871348325,both_targets,True,Asia/London overlap,Friday,8,2026-03,2026Q1,0.0007092857142856822,0.6028537455410226,medium
2026-03-18 20:00:00+00:00,bearish,0.6538647109910253,0.04525716491359987,0.3495609379523126,both_targets,True,New York,Wednesday,20,2026-03,2026Q1,0.001121428571428654,0.854775828460039,high
2026-03-19 20:00:00+00:00,bullish,0.7490449948560006,0.23590704712123656,0.4924760209886186,both_targets,True,New York,Thursday,20,2026-03,2026Q1,0.0015253571428571755,0.9688095238095238,high
2026-03-23 14:00:00+00:00,bullish,0.4808172729433473,0.47402606852325957,0.47742167073330344,both_targets,True,London/NY overlap,Monday,14,2026-03,2026Q1,0.003574642857142834,0.9997511199601792,high
2026-03-27 10:40:00+00:00,bearish,0.010232089782543915,0.07389842620717185,0.042065257994857885,both_targets,True,London,Friday,10,2026-03,2026Q1,0.0006292857142857608,0.4456315289648623,medium
2026-03-27 20:35:00+00:00,bearish,0.5840964536999343,0.950394229749329,0.7672453417246317,both_targets,True,New York,Friday,20,2026-03,2026Q1,0.0006010714285714012,0.4140550807217474,medium
2026-03-30 23:05:00+00:00,bearish,0.6151683732783214,0.6059730313758267,0.6105707023270741,both_targets,True,Off-session (22:00-00:00 UTC gap),Monday,23,2026-03,2026Q1,0.0003753571428571594,0.10395424023874658,low
2026-04-08 00:00:00+00:00,bullish,0.7913576124234346,0.026958711246863044,0.4091581618351488,both_targets,True,Asia,Wednesday,0,2026-04,2026Q2,0.001570357142857169,0.979187314172448,high
2026-04-09 15:20:00+00:00,bullish,0.12269449866550108,0.1883065300374182,0.15550051435145965,both_targets,True,London/NY overlap,Thursday,15,2026-04,2026Q2,0.0008110714285714447,0.640829954686382,medium
2026-04-10 03:35:00+00:00,bullish,-1.0,-1.0,-1.0,stop_before_target1,False,Asia,Friday,3,2026-04,2026Q2,0.000375357142857096,0.12298578199052132,low
2026-04-10 13:00:00+00:00,bullish,0.7942492688255293,0.08550923805158377,0.4398792534385565,both_targets,True,London/NY overlap,Friday,13,2026-04,2026Q2,0.0006560714285714285,0.5068752963489805,medium
2026-04-16 02:35:00+00:00,bullish,0.27545252915535556,0.14023037847899306,0.2078414538171743,both_targets,True,Asia,Thursday,2,2026-04,2026Q2,0.0003835714285714355,0.14611650485436894,low
2026-05-01 06:50:00+00:00,bullish,0.3441403135798242,1.320754716981693,0.8324475152807587,both_targets,True,Asia,Friday,6,2026-05,2026Q2,0.00027571428571422044,0.02781740370898716,low
2026-05-01 11:15:00+00:00,bullish,0.12070143475297332,0.4167615577316782,0.2687314962423258,both_targets,True,London,Friday,11,2026-05,2026Q2,0.0006050000000000935,0.423342048966009,medium
2026-05-01 14:05:00+00:00,bullish,0.5634164134713232,0.7093210623781978,0.6363687379247605,both_targets,True,London/NY overlap,Friday,14,2026-05,2026Q2,0.0007496428571428991,0.5898716119828816,medium
2026-05-04 03:50:00+00:00,bullish,-1.0,-1.0,-1.0,stop_before_target1,False,Asia,Monday,3,2026-05,2026Q2,0.0004149999999999432,0.19277708592777085,low
2026-05-04 06:05:00+00:00,bullish,-1.0,-1.0,-1.0,stop_before_target1,False,Asia,Monday,6,2026-05,2026Q2,0.00042678571428563953,0.20921544209215442,low
2026-05-05 23:00:00+00:00,bullish,0.4206345164741066,1.589855884299961,1.0052452003870338,both_targets,True,Off-session (22:00-00:00 UTC gap),Tuesday,23,2026-05,2026Q2,0.00023964285714295208,0.01268025857782198,low
2026-05-06 04:30:00+00:00,bullish,0.049017213021283555,0.06383637044637928,0.056426791733831416,both_targets,True,Asia,Wednesday,4,2026-05,2026Q2,0.00041214285714289263,0.20153313550939664,low
2026-05-06 08:00:00+00:00,bullish,0.09706860803883995,0.22867124009147044,0.16286992406515519,both_targets,True,Asia/London overlap,Wednesday,8,2026-05,2026Q2,0.0006703571428571412,0.53942828979793,medium
2026-05-07 06:45:00+00:00,bullish,0.10113087231605669,-1.0,-0.44943456384197167,stop_after_partial,False,Asia,Thursday,6,2026-05,2026Q2,0.00033928571428571655,0.11159315497710291,low
2026-05-13 06:10:00+00:00,bearish,0.1545936395756135,1.7417550058892732,0.9481743227324434,both_targets,True,Asia,Wednesday,6,2026-05,2026Q2,0.0002514285714285691,0.01925925925925926,low
2026-05-15 18:35:00+00:00,bearish,1.3492331345857638,4.63569205384904,2.9924625942174017,both_targets,True,New York,Friday,18,2026-05,2026Q2,0.0005239285714285621,0.4094151212553495,medium
2026-05-17 23:30:00+00:00,bearish,1.4684397827304387,0.36710994568268246,0.9177748642065606,both_targets,True,Off-session (22:00-00:00 UTC gap),Sunday,23,2026-05,2026Q2,0.00027714285714283297,0.04930278884462151,low
2026-05-19 13:10:00+00:00,bearish,0.2175643406739225,0.14858052533831154,0.18307243300611703,both_targets,True,London/NY overlap,Tuesday,13,2026-05,2026Q2,0.0005400000000000008,0.4485678704856787,medium
2026-05-21 02:20:00+00:00,bearish,-1.0,-1.0,-1.0,stop_before_target1,False,Asia,Thursday,2,2026-05,2026Q2,0.0003924999999999861,0.2355361897845558,low
2026-05-22 14:05:00+00:00,bearish,0.8222054529350306,-1.0,-0.08889727353248472,stop_after_partial,False,London/NY overlap,Friday,14,2026-05,2026Q2,0.0006853571428571918,0.6718972895863052,high
2026-05-27 23:00:00+00:00,bearish,0.49314926571512935,0.699836825610731,0.5964930456629302,both_targets,True,Off-session (22:00-00:00 UTC gap),Wednesday,23,2026-05,2026Q2,0.00028892857142857686,0.09276347741622147,low
2026-05-29 16:00:00+00:00,bullish,0.4922820872630263,0.38834317788729084,0.44031263257515857,both_targets,True,London/NY overlap,Friday,16,2026-05,2026Q2,0.0008257142857143027,0.8447825053482292,high
2026-06-01 05:05:00+00:00,bullish,0.2159847106771953,0.7478873563748555,0.4819360335260254,both_targets,True,Asia,Monday,5,2026-06,2026Q2,0.0002603571428571832,0.05529265255292653,low
2026-06-04 07:30:00+00:00,bearish,2.417083144021516,-1.0,0.708541572010758,stop_after_partial,True,Asia,Thursday,7,2026-06,2026Q2,0.0004221428571428471,0.3646435452793834,medium
2026-06-08 08:50:00+00:00,bearish,0.11649593985829823,0.3093168058304079,0.21290637284435304,both_targets,True,Asia/London overlap,Monday,8,2026-06,2026Q2,0.0007467857142857216,0.8356164383561644,high
2026-06-11 20:00:00+00:00,bullish,0.6318243404797418,0.15481788475334005,0.3933211126165409,both_targets,True,New York,Thursday,20,2026-06,2026Q2,0.0013485714285713657,0.9971462544589774,high
2026-06-12 08:20:00+00:00,bullish,0.48772763262068086,-1.0,-0.25613618368965957,stop_after_partial,False,Asia/London overlap,Friday,8,2026-06,2026Q2,0.0005821428571428802,0.6531339031339032,medium
2026-06-14 21:25:00+00:00,bullish,0.31679829621067573,0.8199485313690026,0.5683734137898392,both_targets,True,New York,Sunday,21,2026-06,2026Q2,0.00034928571428563933,0.23880227666419204,low
2026-06-17 20:00:00+00:00,bearish,0.9334561171023457,0.7250231823884526,0.8292396497453991,both_targets,True,New York,Wednesday,20,2026-06,2026Q2,0.001656785714285704,0.999757986447241,high
2026-06-18 07:35:00+00:00,bearish,0.024978441226324623,0.3158732046745524,0.1704258229504385,both_targets,True,Asia,Thursday,7,2026-06,2026Q2,0.0005328571428571285,0.5852082336045955,medium
2026-06-22 03:40:00+00:00,bearish,0.012080450872013825,0.017602942699224525,0.014841696785619175,both_targets,True,Asia,Monday,3,2026-06,2026Q2,0.0005121428571428499,0.5481316505815392,medium
2026-06-22 07:30:00+00:00,bearish,0.0029543482848414836,0.03249783113319801,0.01772608970901975,both_targets,True,Asia,Monday,7,2026-06,2026Q2,0.000467857142857131,0.4673428995546759,medium
2026-06-22 10:40:00+00:00,bearish,0.08883990448042298,0.013693368735687342,0.05126663660805516,both_targets,True,London,Monday,10,2026-06,2026Q2,0.0007574999999999983,0.8505320465231379,high
2026-06-22 13:05:00+00:00,bearish,0.030368694936971082,0.06674786074688113,0.04855827784192611,both_targets,True,London/NY overlap,Monday,13,2026-06,2026Q2,0.0006074999999999989,0.7020539470428112,high
2026-06-23 07:45:00+00:00,bearish,0.2858852938071055,0.3154596345457338,0.30067246417641963,both_targets,True,Asia,Tuesday,7,2026-06,2026Q2,0.0006439285714285711,0.752102919346858,high
2026-06-23 14:15:00+00:00,bearish,0.48566142460683076,0.8298214958714519,0.6577414602391414,both_targets,True,London/NY overlap,Tuesday,14,2026-06,2026Q2,0.000795714285714233,0.8854527461652647,high
2026-06-24 00:15:00+00:00,bearish,0.40520984080957045,1.1706062067838698,0.7879080237967202,both_targets,True,Asia,Wednesday,0,2026-06,2026Q2,0.0002210714285714177,0.026400197384653344,low
2026-06-24 12:35:00+00:00,bearish,0.11974909712982895,0.8935124939686713,0.5066307955492502,both_targets,True,London,Wednesday,12,2026-06,2026Q2,0.0006021428571429002,0.6991711360312043,high
2026-07-01 12:00:00+00:00,bearish,0.4488322717622156,0.16645435244150536,0.30764331210186047,both_targets,True,London,Wednesday,12,2026-07,2026Q3,0.0005214285714285616,0.5821951219512195,medium
2026-07-03 01:00:00+00:00,bullish,0.8502980542119767,-1.0,-0.07485097289401166,stop_after_partial,False,Asia,Friday,1,2026-07,2026Q3,0.0003253571428571649,0.19229860618946373,low
2026-07-08 00:00:00+00:00,bearish,0.5464744656768229,0.012817098342080575,0.2796457820094517,both_targets,True,Asia,Wednesday,0,2026-07,2026Q3,0.0003614285714285602,0.27788746298124384,low
2026-07-10 04:00:00+00:00,bullish,-1.0,-1.0,-1.0,stop_before_target1,False,Asia,Friday,4,2026-07,2026Q3,0.0004885714285714414,0.5544531065438223,medium
2026-07-14 06:30:00+00:00,bearish,-1.0,-1.0,-1.0,stop_before_target1,False,Asia,Tuesday,6,2026-07,2026Q3,0.0003639285714285924,0.26595744680851063,low
2026-07-17 05:40:00+00:00,bullish,-1.0,-1.0,-1.0,stop_before_target1,False,Asia,Friday,5,2026-07,2026Q3,0.0002664285714286198,0.0883742911153119,low
2026-07-21 20:00:00+00:00,bearish,0.1923364485980509,0.020934579439272884,0.10663551401866189,both_targets,True,New York,Tuesday,20,2026-07,2026Q3,0.000314285714285759,0.18159327065809006,low
2026-07-22 10:05:00+00:00,bearish,-1.0,-1.0,-1.0,stop_before_target1,False,London,Wednesday,10,2026-07,2026Q3,0.0005128571428571879,0.6263440860215054,medium
2026-07-23 11:00:00+00:00,bearish,0.5666143553315213,1.3066820847436802,0.9366482200376007,both_targets,True,London,Thursday,11,2026-07,2026Q3,0.00047392857142855175,0.5424618320610687,medium
2026-07-24 11:40:00+00:00,bearish,-1.0,-1.0,-1.0,stop_before_target1,False,London,Friday,11,2026-07,2026Q3,0.00045999999999998424,0.5137051039697542,medium
